Workbook
Name NativeTimeline_Admission_Date: #N/A
Name Slicer_Age_Group: #N/A
Name Slicer_Diagnosis: #N/A
Name Slicer_Gender: #N/A
Name Slicer_LoS_Category: #N/A

Sheet README
A1: Hospital Data Analytics - Excel Portfolio Project
A3: Project Overview
A4: This project demonstrates the use of Microsoft Excel to clean, validate, analyze, and visualize hospital patient data through an interactive analytics dashboard.
A6: Skills Demonstrated:
A7: • Data Cleaning & Validation • Excel Tables & Structured References • Excel Formulas & Functions • PivotTables & PivotCharts • Data Analysis • Dashboard Development • Interactive Slicers & Timeline • Data Visualization
A8: Project Workflow
A9: 1. Data Preparation — Reviewed and validated patient, admission, discharge, demographic, and financial data.
A10: 2. Data Quality — Checked duplicate records, dates, patient age, length of stay, and hospital charges.
A11: 3. Data Analysis — Calculated patient volume, admissions, discharges, age, length of stay, and hospital charges.
A12: 4. Trend & Category Analysis — Analyzed diagnoses, gender, age groups, length-of-stay categories, and monthly trends.
A13: 5. Visualization — Created PivotCharts and an interactive hospital analytics dashboard.
A14: 6. Interactivity — Added slicers and an Admission Date timeline for dynamic filtering.
... A45: Analysis

Sheet HospitalData
A1: Patient ID | B1: Patient Name | C1: Date of Birth | D1: Gender | E1: Diagnosis | F1: Procedure | G1: Provider | H1: Admission Date | I1: Discharge Date | J1: Total Charges | K1: Insurance | L1: Date Check | M1: Length of Stay | N1: LoS Check | O1: Patient Age | P1: Age Check | Q1: Age Group | R1: LoS Category | S1: Charges Check | T1: Duplicate Check | V1: BLANK CELLS
A2: PAT-000001 | B2: Christopher Johnson | C2: 38780 | D2: Female | E2: Type 2 Diabetes | F2: Glucose Monitoring | G2: Dr. Jackson | H2: 45817 | I2: 45827 | J2: 1862.52 | K2: Medicare | L2: =AND(ISNUMBER(C:C),ISNUMBER(H:H),ISNUMBER(I:I)) -> TRUE | M2: =HospitalData[[#This Row],[Discharge Date]]-HospitalData[[#This Row],[Admission Date]] -> 10 | N2: =IF(HospitalData[[#This Row],[Length of Stay]]<0,"INVALID","OK") -> OK | O2: =DATEDIF(HospitalData[[#This Row],[Date of Birth]],HospitalData[[#This Row],[Admission Date]],"y") -> 19 | P2: =IF(OR(HospitalData[[#This Row],[Patient Age]]<0,HospitalData[[#This Row],[Patient Age]]>120),"INVALID","OK") -> OK | Q2: =IF(HospitalData[[#This Row],[Patient Age]]<1,"Infant",IF(HospitalData[[#This Row],[Patient Age]]<13,"Child",IF(HospitalData[[#This Row],[Patient Age]]<18,"Adolescent",IF(HospitalData[[#This Row],[Patient Age]]<60,"Adult","Senior")))) -> Adult | R2: =IF(HospitalData[[#This Row],[Length of Stay]]=0,"Same Day",IF(HospitalData[[#This Row],[Length of Stay]]<=3,"1-3 Days",IF(HospitalData[[#This Row],[Length of Stay]]<=7,"4-7 Days","8+ Days"))) -> 8+ Days | S2: =IF(HospitalData[[#This Row],[Total Charges]]<0,"INVALID","OK") -> OK | T2: =COUNTIF($A:$A,A2) -> 1 | U2: =COUNTBLANK(HospitalData[Patient ID]) -> 0 | V2: PATIENT ID
A3: PAT-000002 | B3: Barbara Scott | C3: 44961 | D3: Female | E3: Back Pain | F3: Physical Therapy | G3: Dr. Rodriguez | H3: 46106 | I3: 46117 | J3: 3230.79 | K3: Medicaid | L3: =AND(ISNUMBER(C:C),ISNUMBER(H:H),ISNUMBER(I:I)) -> TRUE | M3: =HospitalData[[#This Row],[Discharge Date]]-HospitalData[[#This Row],[Admission Date]] -> 11 | N3: =IF(HospitalData[[#This Row],[Length of Stay]]<0,"INVALID","OK") -> OK | O3: =DATEDIF(HospitalData[[#This Row],[Date of Birth]],HospitalData[[#This Row],[Admission Date]],"y") -> 3 | P3: =IF(OR(HospitalData[[#This Row],[Patient Age]]<0,HospitalData[[#This Row],[Patient Age]]>120),"INVALID","OK") -> OK | Q3: =IF(HospitalData[[#This Row],[Patient Age]]<1,"Infant",IF(HospitalData[[#This Row],[Patient Age]]<13,"Child",IF(HospitalData[[#This Row],[Patient Age]]<18,"Adolescent",IF(HospitalData[[#This Row],[Patient Age]]<60,"Adult","Senior")))) -> Child | R3: =IF(HospitalData[[#This Row],[Length of Stay]]=0,"Same Day",IF(HospitalData[[#This Row],[Length of Stay]]<=3,"1-3 Days",IF(HospitalData[[#This Row],[Length of Stay]]<=7,"4-7 Days","8+ Days"))) -> 8+ Days | S3: =IF(HospitalData[[#This Row],[Total Charges]]<0,"INVALID","OK") -> OK | T3: =COUNTIF($A:$A,A3) -> 1 | U3: =COUNTBLANK(HospitalData[Gender]) -> 0 | V3: GENDER
A4: PAT-000003 | B4: Susan Jackson | C4: 26885 | D4: Male | E4: Heart Disease | F4: Cardiac Catheterization | G4: Dr. Anderson | H4: 45897 | I4: 45910 | J4: 47523.53 | K4: Medicaid | L4: =AND(ISNUMBER(C:C),ISNUMBER(H:H),ISNUMBER(I:I)) -> TRUE | M4: =HospitalData[[#This Row],[Discharge Date]]-HospitalData[[#This Row],[Admission Date]] -> 13 | N4: =IF(HospitalData[[#This Row],[Length of Stay]]<0,"INVALID","OK") -> OK | O4: =DATEDIF(HospitalData[[#This Row],[Date of Birth]],HospitalData[[#This Row],[Admission Date]],"y") -> 52 | P4: =IF(OR(HospitalData[[#This Row],[Patient Age]]<0,HospitalData[[#This Row],[Patient Age]]>120),"INVALID","OK") -> OK | Q4: =IF(HospitalData[[#This Row],[Patient Age]]<1,"Infant",IF(HospitalData[[#This Row],[Patient Age]]<13,"Child",IF(HospitalData[[#This Row],[Patient Age]]<18,"Adolescent",IF(HospitalData[[#This Row],[Patient Age]]<60,"Adult","Senior")))) -> Adult | R4: =IF(HospitalData[[#This Row],[Length of Stay]]=0,"Same Day",IF(HospitalData[[#This Row],[Length of Stay]]<=3,"1-3 Days",IF(HospitalData[[#This Row],[Length of Stay]]<=7,"4-7 Days","8+ Days"))) -> 8+ Days | S4: =IF(HospitalData[[#This Row],[Total Charges]]<0,"INVALID","OK") -> OK | T4: =COUNTIF($A:$A,A4) -> 1 | U4: =COUNTBLANK(HospitalData[Diagnosis]) -> 0 | V4: DIAGNOSIS
A5: PAT-000004 | B5: Joshua Thomas | C5: 18146 | D5: Male | E5: Arthritis | F5: Joint Assessment | G5: Dr. Williams | H5: 45808 | I5: 45822 | J5: 3835.59 | K5: Medicare | L5: =AND(ISNUMBER(C:C),ISNUMBER(H:H),ISNUMBER(I:I)) -> TRUE | M5: =HospitalData[[#This Row],[Discharge Date]]-HospitalData[[#This Row],[Admission Date]] -> 14 | N5: =IF(HospitalData[[#This Row],[Length of Stay]]<0,"INVALID","OK") -> OK | O5: =DATEDIF(HospitalData[[#This Row],[Date of Birth]],HospitalData[[#This Row],[Admission Date]],"y") -> 75 | P5: =IF(OR(HospitalData[[#This Row],[Patient Age]]<0,HospitalData[[#This Row],[Patient Age]]>120),"INVALID","OK") -> OK | Q5: =IF(HospitalData[[#This Row],[Patient Age]]<1,"Infant",IF(HospitalData[[#This Row],[Patient Age]]<13,"Child",IF(HospitalData[[#This Row],[Patient Age]]<18,"Adolescent",IF(HospitalData[[#This Row],[Patient Age]]<60,"Adult","Senior")))) -> Senior | R5: =IF(HospitalData[[#This Row],[Length of Stay]]=0,"Same Day",IF(HospitalData[[#This Row],[Length of Stay]]<=3,"1-3 Days",IF(HospitalData[[#This Row],[Length of Stay]]<=7,"4-7 Days","8+ Days"))) -> 8+ Days | S5: =IF(HospitalData[[#This Row],[Total Charges]]<0,"INVALID","OK") -> OK | T5: =COUNTIF($A:$A,A5) -> 1 | U5: =COUNTBLANK(HospitalData[Admission Date]) -> 0 | V5: ADM DATE
A6: PAT-000005 | B6: Daniel Williams | C6: 18020 | D6: Male | E6: Asthma | F6: Pulmonary Function Test | G6: Dr. Williams | H6: 45845 | I6: 45855 | J6: 1034.2 | K6: Blue Cross | L6: =AND(ISNUMBER(C:C),ISNUMBER(H:H),ISNUMBER(I:I)) -> TRUE | M6: =HospitalData[[#This Row],[Discharge Date]]-HospitalData[[#This Row],[Admission Date]] -> 10 | N6: =IF(HospitalData[[#This Row],[Length of Stay]]<0,"INVALID","OK") -> OK | O6: =DATEDIF(HospitalData[[#This Row],[Date of Birth]],HospitalData[[#This Row],[Admission Date]],"y") -> 76 | P6: =IF(OR(HospitalData[[#This Row],[Patient Age]]<0,HospitalData[[#This Row],[Patient Age]]>120),"INVALID","OK") -> OK | Q6: =IF(HospitalData[[#This Row],[Patient Age]]<1,"Infant",IF(HospitalData[[#This Row],[Patient Age]]<13,"Child",IF(HospitalData[[#This Row],[Patient Age]]<18,"Adolescent",IF(HospitalData[[#This Row],[Patient Age]]<60,"Adult","Senior")))) -> Senior | R6: =IF(HospitalData[[#This Row],[Length of Stay]]=0,"Same Day",IF(HospitalData[[#This Row],[Length of Stay]]<=3,"1-3 Days",IF(HospitalData[[#This Row],[Length of Stay]]<=7,"4-7 Days","8+ Days"))) -> 8+ Days | S6: =IF(HospitalData[[#This Row],[Total Charges]]<0,"INVALID","OK") -> OK | T6: =COUNTIF($A:$A,A6) -> 1 | U6: =COUNTBLANK(HospitalData[Discharge Date]) -> 0 | V6: DISC DATE
A7: PAT-000006 | B7: Jennifer Young | C7: 26341 | D7: Male | E7: Fracture | F7: Casting/Surgery | G7: Dr. Miller | H7: 45572 | I7: 45578 | J7: 5659.24 | K7: Aetna | L7: =AND(ISNUMBER(C:C),ISNUMBER(H:H),ISNUMBER(I:I)) -> TRUE | M7: =HospitalData[[#This Row],[Discharge Date]]-HospitalData[[#This Row],[Admission Date]] -> 6 | N7: =IF(HospitalData[[#This Row],[Length of Stay]]<0,"INVALID","OK") -> OK | O7: =DATEDIF(HospitalData[[#This Row],[Date of Birth]],HospitalData[[#This Row],[Admission Date]],"y") -> 52 | P7: =IF(OR(HospitalData[[#This Row],[Patient Age]]<0,HospitalData[[#This Row],[Patient Age]]>120),"INVALID","OK") -> OK | Q7: =IF(HospitalData[[#This Row],[Patient Age]]<1,"Infant",IF(HospitalData[[#This Row],[Patient Age]]<13,"Child",IF(HospitalData[[#This Row],[Patient Age]]<18,"Adolescent",IF(HospitalData[[#This Row],[Patient Age]]<60,"Adult","Senior")))) -> Adult | R7: =IF(HospitalData[[#This Row],[Length of Stay]]=0,"Same Day",IF(HospitalData[[#This Row],[Length of Stay]]<=3,"1-3 Days",IF(HospitalData[[#This Row],[Length of Stay]]<=7,"4-7 Days","8+ Days"))) -> 4-7 Days | S7: =IF(HospitalData[[#This Row],[Total Charges]]<0,"INVALID","OK") -> OK | T7: =COUNTIF($A:$A,A7) -> 1 | U7: =COUNTBLANK(HospitalData[Total Charges]) -> 0 | V7: TOTAL CHARGES
A8: PAT-000007 | B8: Charles Anderson | C8: 17172 | D8: Female | E8: Bronchitis | F8: Respiratory Treatment | G8: Dr. Williams | H8: 46211 | I8: 46224 | J8: 1628.29 | K8: Medicaid | L8: =AND(ISNUMBER(C:C),ISNUMBER(H:H),ISNUMBER(I:I)) -> TRUE | M8: =HospitalData[[#This Row],[Discharge Date]]-HospitalData[[#This Row],[Admission Date]] -> 13 | N8: =IF(HospitalData[[#This Row],[Length of Stay]]<0,"INVALID","OK") -> OK | O8: =DATEDIF(HospitalData[[#This Row],[Date of Birth]],HospitalData[[#This Row],[Admission Date]],"y") -> 79 | P8: =IF(OR(HospitalData[[#This Row],[Patient Age]]<0,HospitalData[[#This Row],[Patient Age]]>120),"INVALID","OK") -> OK | Q8: =IF(HospitalData[[#This Row],[Patient Age]]<1,"Infant",IF(HospitalData[[#This Row],[Patient Age]]<13,"Child",IF(HospitalData[[#This Row],[Patient Age]]<18,"Adolescent",IF(HospitalData[[#This Row],[Patient Age]]<60,"Adult","Senior")))) -> Senior | R8: =IF(HospitalData[[#This Row],[Length of Stay]]=0,"Same Day",IF(HospitalData[[#This Row],[Length of Stay]]<=3,"1-3 Days",IF(HospitalData[[#This Row],[Length of Stay]]<=7,"4-7 Days","8+ Days"))) -> 8+ Days | S8: =IF(HospitalData[[#This Row],[Total Charges]]<0,"INVALID","OK") -> OK | T8: =COUNTIF($A:$A,A8) -> 1 | U8: =ISNUMBER(C:C) -> TRUE | V8: DATE OF BIRTH
A9: PAT-000008 | B9: Betty Martinez | C9: 29350 | D9: Female | E9: Fracture | F9: Casting/Surgery | G9: Dr. Jones | H9: 45962 | I9: 45972 | J9: 11969.25 | K9: Cigna | L9: =AND(ISNUMBER(C:C),ISNUMBER(H:H),ISNUMBER(I:I)) -> TRUE | M9: =HospitalData[[#This Row],[Discharge Date]]-HospitalData[[#This Row],[Admission Date]] -> 10 | N9: =IF(HospitalData[[#This Row],[Length of Stay]]<0,"INVALID","OK") -> OK | O9: =DATEDIF(HospitalData[[#This Row],[Date of Birth]],HospitalData[[#This Row],[Admission Date]],"y") -> 45 | P9: =IF(OR(HospitalData[[#This Row],[Patient Age]]<0,HospitalData[[#This Row],[Patient Age]]>120),"INVALID","OK") -> OK | Q9: =IF(HospitalData[[#This Row],[Patient Age]]<1,"Infant",IF(HospitalData[[#This Row],[Patient Age]]<13,"Child",IF(HospitalData[[#This Row],[Patient Age]]<18,"Adolescent",IF(HospitalData[[#This Row],[Patient Age]]<60,"Adult","Senior")))) -> Adult | R9: =IF(HospitalData[[#This Row],[Length of Stay]]=0,"Same Day",IF(HospitalData[[#This Row],[Length of Stay]]<=3,"1-3 Days",IF(HospitalData[[#This Row],[Length of Stay]]<=7,"4-7 Days","8+ Days"))) -> 8+ Days | S9: =IF(HospitalData[[#This Row],[Total Charges]]<0,"INVALID","OK") -> OK | T9: =COUNTIF($A:$A,A9) -> 1 | U9: =ISNUMBER(H:H) -> TRUE | V9: ADM DATE
A10: PAT-000009 | B10: David Flores | C10: 18979 | D10: Male | E10: Asthma | F10: Pulmonary Function Test | G10: Dr. Williams | H10: 45641 | I10: 45654 | J10: 801.06 | K10: Aetna | L10: =AND(ISNUMBER(C:C),ISNUMBER(H:H),ISNUMBER(I:I)) -> TRUE | M10: =HospitalData[[#This Row],[Discharge Date]]-HospitalData[[#This Row],[Admission Date]] -> 13 | N10: =IF(HospitalData[[#This Row],[Length of Stay]]<0,"INVALID","OK") -> OK | O10: =DATEDIF(HospitalData[[#This Row],[Date of Birth]],HospitalData[[#This Row],[Admission Date]],"y") -> 72 | P10: =IF(OR(HospitalData[[#This Row],[Patient Age]]<0,HospitalData[[#This Row],[Patient Age]]>120),"INVALID","OK") -> OK | Q10: =IF(HospitalData[[#This Row],[Patient Age]]<1,"Infant",IF(HospitalData[[#This Row],[Patient Age]]<13,"Child",IF(HospitalData[[#This Row],[Patient Age]]<18,"Adolescent",IF(HospitalData[[#This Row],[Patient Age]]<60,"Adult","Senior")))) -> Senior | R10: =IF(HospitalData[[#This Row],[Length of Stay]]=0,"Same Day",IF(HospitalData[[#This Row],[Length of Stay]]<=3,"1-3 Days",IF(HospitalData[[#This Row],[Length of Stay]]<=7,"4-7 Days","8+ Days"))) -> 8+ Days | S10: =IF(HospitalData[[#This Row],[Total Charges]]<0,"INVALID","OK") -> OK | T10: =COUNTIF($A:$A,A10) -> 1 | U10: =ISNUMBER(I:I) -> TRUE | V10: DISC DATE
A11: PAT-000010 | B11: John Nguyen | C11: 38125 | D11: Female | E11: UTI | F11: Urinalysis + Antibiotics | G11: Dr. Garcia | H11: 45818 | I11: 45825 | J11: 562.62 | K11: Blue Cross | L11: =AND(ISNUMBER(C:C),ISNUMBER(H:H),ISNUMBER(I:I)) -> TRUE | M11: =HospitalData[[#This Row],[Discharge Date]]-HospitalData[[#This Row],[Admission Date]] -> 7 | N11: =IF(HospitalData[[#This Row],[Length of Stay]]<0,"INVALID","OK") -> OK | O11: =DATEDIF(HospitalData[[#This Row],[Date of Birth]],HospitalData[[#This Row],[Admission Date]],"y") -> 21 | P11: =IF(OR(HospitalData[[#This Row],[Patient Age]]<0,HospitalData[[#This Row],[Patient Age]]>120),"INVALID","OK") -> OK | Q11: =IF(HospitalData[[#This Row],[Patient Age]]<1,"Infant",IF(HospitalData[[#This Row],[Patient Age]]<13,"Child",IF(HospitalData[[#This Row],[Patient Age]]<18,"Adolescent",IF(HospitalData[[#This Row],[Patient Age]]<60,"Adult","Senior")))) -> Adult | R11: =IF(HospitalData[[#This Row],[Length of Stay]]=0,"Same Day",IF(HospitalData[[#This Row],[Length of Stay]]<=3,"1-3 Days",IF(HospitalData[[#This Row],[Length of Stay]]<=7,"4-7 Days","8+ Days"))) -> 4-7 Days | S11: =IF(HospitalData[[#This Row],[Total Charges]]<0,"INVALID","OK") -> OK | T11: =COUNTIF($A:$A,A11) -> 1 | U11: =ISNUMBER(J:J) -> TRUE | V11: TOTAL CHARGES
A12: PAT-000011 | B12: Betty Thompson | C12: 23886 | D12: Female | E12: Back Pain | F12: Physical Therapy | G12: Dr. Garcia | H12: 45822 | I12: 45827 | J12: 2922.64 | K12: Self-Pay | L12: =AND(ISNUMBER(C:C),ISNUMBER(H:H),ISNUMBER(I:I)) -> TRUE | M12: =HospitalData[[#This Row],[Discharge Date]]-HospitalData[[#This Row],[Admission Date]] -> 5 | N12: =IF(HospitalData[[#This Row],[Length of Stay]]<0,"INVALID","OK") -> OK | O12: =DATEDIF(HospitalData[[#This Row],[Date of Birth]],HospitalData[[#This Row],[Admission Date]],"y") -> 60 | P12: =IF(OR(HospitalData[[#This Row],[Patient Age]]<0,HospitalData[[#This Row],[Patient Age]]>120),"INVALID","OK") -> OK | Q12: =IF(HospitalData[[#This Row],[Patient Age]]<1,"Infant",IF(HospitalData[[#This Row],[Patient Age]]<13,"Child",IF(HospitalData[[#This Row],[Patient Age]]<18,"Adolescent",IF(HospitalData[[#This Row],[Patient Age]]<60,"Adult","Senior")))) -> Senior | R12: =IF(HospitalData[[#This Row],[Length of Stay]]=0,"Same Day",IF(HospitalData[[#This Row],[Length of Stay]]<=3,"1-3 Days",IF(HospitalData[[#This Row],[Length of Stay]]<=7,"4-7 Days","8+ Days"))) -> 4-7 Days | S12: =IF(HospitalData[[#This Row],[Total Charges]]<0,"INVALID","OK") -> OK | T12: =COUNTIF($A:$A,A12) -> 1
A13: PAT-000012 | B13: Jennifer Jones | C13: 26100 | D13: Female | E13: Migraine | F13: Neurological Assessment | G13: Dr. Thomas | H13: 46138 | I13: 46145 | J13: 1095.13 | K13: UnitedHealth | L13: =AND(ISNUMBER(C:C),ISNUMBER(H:H),ISNUMBER(I:I)) -> TRUE | M13: =HospitalData[[#This Row],[Discharge Date]]-HospitalData[[#This Row],[Admission Date]] -> 7 | N13: =IF(HospitalData[[#This Row],[Length of Stay]]<0,"INVALID","OK") -> OK | O13: =DATEDIF(HospitalData[[#This Row],[Date of Birth]],HospitalData[[#This Row],[Admission Date]],"y") -> 54 | P13: =IF(OR(HospitalData[[#This Row],[Patient Age]]<0,HospitalData[[#This Row],[Patient Age]]>120),"INVALID","OK") -> OK | Q13: =IF(HospitalData[[#This Row],[Patient Age]]<1,"Infant",IF(HospitalData[[#This Row],[Patient Age]]<13,"Child",IF(HospitalData[[#This Row],[Patient Age]]<18,"Adolescent",IF(HospitalData[[#This Row],[Patient Age]]<60,"Adult","Senior")))) -> Adult | R13: =IF(HospitalData[[#This Row],[Length of Stay]]=0,"Same Day",IF(HospitalData[[#This Row],[Length of Stay]]<=3,"1-3 Days",IF(HospitalData[[#This Row],[Length of Stay]]<=7,"4-7 Days","8+ Days"))) -> 4-7 Days | S13: =IF(HospitalData[[#This Row],[Total Charges]]<0,"INVALID","OK") -> OK | T13: =COUNTIF($A:$A,A13) -> 1 | U13: SUMMARY:
A14: PAT-000013 | B14: Jessica Sanchez | C14: 31322 | D14: Female | E14: Skin Infection | F14: Dermatological Treatment | G14: Dr. Martin | H14: 45718 | I14: 45722 | J14: 522.65 | K14: Self-Pay | L14: =AND(ISNUMBER(C:C),ISNUMBER(H:H),ISNUMBER(I:I)) -> TRUE | M14: =HospitalData[[#This Row],[Discharge Date]]-HospitalData[[#This Row],[Admission Date]] -> 4 | N14: =IF(HospitalData[[#This Row],[Length of Stay]]<0,"INVALID","OK") -> OK | O14: =DATEDIF(HospitalData[[#This Row],[Date of Birth]],HospitalData[[#This Row],[Admission Date]],"y") -> 39 | P14: =IF(OR(HospitalData[[#This Row],[Patient Age]]<0,HospitalData[[#This Row],[Patient Age]]>120),"INVALID","OK") -> OK | Q14: =IF(HospitalData[[#This Row],[Patient Age]]<1,"Infant",IF(HospitalData[[#This Row],[Patient Age]]<13,"Child",IF(HospitalData[[#This Row],[Patient Age]]<18,"Adolescent",IF(HospitalData[[#This Row],[Patient Age]]<60,"Adult","Senior")))) -> Adult | R14: =IF(HospitalData[[#This Row],[Length of Stay]]=0,"Same Day",IF(HospitalData[[#This Row],[Length of Stay]]<=3,"1-3 Days",IF(HospitalData[[#This Row],[Length of Stay]]<=7,"4-7 Days","8+ Days"))) -> 4-7 Days | S14: =IF(HospitalData[[#This Row],[Total Charges]]<0,"INVALID","OK") -> OK | T14: =COUNTIF($A:$A,A14) -> 1 | U14: Duplicate Patient IDs | V14: =IF(COUNTIF($A:$A,A2)>1,"DUPLICATE","UNIQUE") -> UNIQUE
A15: PAT-000014 | B15: Margaret Rodriguez | C15: 22661 | D15: Female | E15: Bronchitis | F15: Respiratory Treatment | G15: Dr. Kim | H15: 45637 | I15: 45648 | J15: 1118.98 | K15: Blue Cross | L15: =AND(ISNUMBER(C:C),ISNUMBER(H:H),ISNUMBER(I:I)) -> TRUE | M15: =HospitalData[[#This Row],[Discharge Date]]-HospitalData[[#This Row],[Admission Date]] -> 11 | N15: =IF(HospitalData[[#This Row],[Length of Stay]]<0,"INVALID","OK") -> OK | O15: =DATEDIF(HospitalData[[#This Row],[Date of Birth]],HospitalData[[#This Row],[Admission Date]],"y") -> 62 | P15: =IF(OR(HospitalData[[#This Row],[Patient Age]]<0,HospitalData[[#This Row],[Patient Age]]>120),"INVALID","OK") -> OK | Q15: =IF(HospitalData[[#This Row],[Patient Age]]<1,"Infant",IF(HospitalData[[#This Row],[Patient Age]]<13,"Child",IF(HospitalData[[#This Row],[Patient Age]]<18,"Adolescent",IF(HospitalData[[#This Row],[Patient Age]]<60,"Adult","Senior")))) -> Senior | R15: =IF(HospitalData[[#This Row],[Length of Stay]]=0,"Same Day",IF(HospitalData[[#This Row],[Length of Stay]]<=3,"1-3 Days",IF(HospitalData[[#This Row],[Length of Stay]]<=7,"4-7 Days","8+ Days"))) -> 8+ Days | S15: =IF(HospitalData[[#This Row],[Total Charges]]<0,"INVALID","OK") -> OK | T15: =COUNTIF($A:$A,A15) -> 1 | U15: Invalid Dates | V15: =COUNTIF(HospitalData[Date Check],"INVALID") -> 0
A16: PAT-000015 | B16: Dorothy Jones | C16: 32289 | D16: Female | E16: Appendicitis | F16: Appendectomy | G16: Dr. Jackson | H16: 46184 | I16: 46186 | J16: 13984.98 | K16: Medicare | L16: =AND(ISNUMBER(C:C),ISNUMBER(H:H),ISNUMBER(I:I)) -> TRUE | M16: =HospitalData[[#This Row],[Discharge Date]]-HospitalData[[#This Row],[Admission Date]] -> 2 | N16: =IF(HospitalData[[#This Row],[Length of Stay]]<0,"INVALID","OK") -> OK | O16: =DATEDIF(HospitalData[[#This Row],[Date of Birth]],HospitalData[[#This Row],[Admission Date]],"y") -> 38 | P16: =IF(OR(HospitalData[[#This Row],[Patient Age]]<0,HospitalData[[#This Row],[Patient Age]]>120),"INVALID","OK") -> OK | Q16: =IF(HospitalData[[#This Row],[Patient Age]]<1,"Infant",IF(HospitalData[[#This Row],[Patient Age]]<13,"Child",IF(HospitalData[[#This Row],[Patient Age]]<18,"Adolescent",IF(HospitalData[[#This Row],[Patient Age]]<60,"Adult","Senior")))) -> Adult | R16: =IF(HospitalData[[#This Row],[Length of Stay]]=0,"Same Day",IF(HospitalData[[#This Row],[Length of Stay]]<=3,"1-3 Days",IF(HospitalData[[#This Row],[Length of Stay]]<=7,"4-7 Days","8+ Days"))) -> 1-3 Days | S16: =IF(HospitalData[[#This Row],[Total Charges]]<0,"INVALID","OK") -> OK | T16: =COUNTIF($A:$A,A16) -> 1 | U16: Invalid Length of Stay | V16: =COUNTIF(HospitalData[LoS Check],"INVALID") -> 0
A17: PAT-000016 | B17: Donald Taylor | C17: 15349 | D17: Male | E17: Hypertension | F17: Blood Pressure Management | G17: Dr. Thomas | H17: 45933 | I17: 45944 | J17: 513.96 | K17: UnitedHealth | L17: =AND(ISNUMBER(C:C),ISNUMBER(H:H),ISNUMBER(I:I)) -> TRUE | M17: =HospitalData[[#This Row],[Discharge Date]]-HospitalData[[#This Row],[Admission Date]] -> 11 | N17: =IF(HospitalData[[#This Row],[Length of Stay]]<0,"INVALID","OK") -> OK | O17: =DATEDIF(HospitalData[[#This Row],[Date of Birth]],HospitalData[[#This Row],[Admission Date]],"y") -> 83 | P17: =IF(OR(HospitalData[[#This Row],[Patient Age]]<0,HospitalData[[#This Row],[Patient Age]]>120),"INVALID","OK") -> OK | Q17: =IF(HospitalData[[#This Row],[Patient Age]]<1,"Infant",IF(HospitalData[[#This Row],[Patient Age]]<13,"Child",IF(HospitalData[[#This Row],[Patient Age]]<18,"Adolescent",IF(HospitalData[[#This Row],[Patient Age]]<60,"Adult","Senior")))) -> Senior | R17: =IF(HospitalData[[#This Row],[Length of Stay]]=0,"Same Day",IF(HospitalData[[#This Row],[Length of Stay]]<=3,"1-3 Days",IF(HospitalData[[#This Row],[Length of Stay]]<=7,"4-7 Days","8+ Days"))) -> 8+ Days | S17: =IF(HospitalData[[#This Row],[Total Charges]]<0,"INVALID","OK") -> OK | T17: =COUNTIF($A:$A,A17) -> 1 | U17: Invalid Patient Age | V17: =COUNTIF(HospitalData[Age Check],"INVALID") -> 0
A18: PAT-000017 | B18: Patricia Jackson | C18: 23790 | D18: Female | E18: Appendicitis | F18: Appendectomy | G18: Dr. Kim | H18: 46270 | I18: 46277 | J18: 18151.57 | K18: Medicare | L18: =AND(ISNUMBER(C:C),ISNUMBER(H:H),ISNUMBER(I:I)) -> TRUE | M18: =HospitalData[[#This Row],[Discharge Date]]-HospitalData[[#This Row],[Admission Date]] -> 7 | N18: =IF(HospitalData[[#This Row],[Length of Stay]]<0,"INVALID","OK") -> OK | O18: =DATEDIF(HospitalData[[#This Row],[Date of Birth]],HospitalData[[#This Row],[Admission Date]],"y") -> 61 | P18: =IF(OR(HospitalData[[#This Row],[Patient Age]]<0,HospitalData[[#This Row],[Patient Age]]>120),"INVALID","OK") -> OK | Q18: =IF(HospitalData[[#This Row],[Patient Age]]<1,"Infant",IF(HospitalData[[#This Row],[Patient Age]]<13,"Child",IF(HospitalData[[#This Row],[Patient Age]]<18,"Adolescent",IF(HospitalData[[#This Row],[Patient Age]]<60,"Adult","Senior")))) -> Senior | R18: =IF(HospitalData[[#This Row],[Length of Stay]]=0,"Same Day",IF(HospitalData[[#This Row],[Length of Stay]]<=3,"1-3 Days",IF(HospitalData[[#This Row],[Length of Stay]]<=7,"4-7 Days","8+ Days"))) -> 4-7 Days | S18: =IF(HospitalData[[#This Row],[Total Charges]]<0,"INVALID","OK") -> OK | T18: =COUNTIF($A:$A,A18) -> 1 | U18: Invalid Charges | V18: =COUNTIF(HospitalData[Charges Check],"INVALID") -> 0
A19: PAT-000018 | B19: Emily Walker | C19: 45581 | D19: Female | E19: Hypertension | F19: Blood Pressure Management | G19: Dr. Jackson | H19: 46098 | I19: 46110 | J19: 1858.86 | K19: UnitedHealth | L19: =AND(ISNUMBER(C:C),ISNUMBER(H:H),ISNUMBER(I:I)) -> TRUE | M19: =HospitalData[[#This Row],[Discharge Date]]-HospitalData[[#This Row],[Admission Date]] -> 12 | N19: =IF(HospitalData[[#This Row],[Length of Stay]]<0,"INVALID","OK") -> OK | O19: =DATEDIF(HospitalData[[#This Row],[Date of Birth]],HospitalData[[#This Row],[Admission Date]],"y") -> 1 | P19: =IF(OR(HospitalData[[#This Row],[Patient Age]]<0,HospitalData[[#This Row],[Patient Age]]>120),"INVALID","OK") -> OK | Q19: =IF(HospitalData[[#This Row],[Patient Age]]<1,"Infant",IF(HospitalData[[#This Row],[Patient Age]]<13,"Child",IF(HospitalData[[#This Row],[Patient Age]]<18,"Adolescent",IF(HospitalData[[#This Row],[Patient Age]]<60,"Adult","Senior")))) -> Child | R19: =IF(HospitalData[[#This Row],[Length of Stay]]=0,"Same Day",IF(HospitalData[[#This Row],[Length of Stay]]<=3,"1-3 Days",IF(HospitalData[[#This Row],[Length of Stay]]<=7,"4-7 Days","8+ Days"))) -> 8+ Days | S19: =IF(HospitalData[[#This Row],[Total Charges]]<0,"INVALID","OK") -> OK | T19: =COUNTIF($A:$A,A19) -> 1
A20: PAT-000019 | B20: Thomas Flores | C20: 44029 | D20: Female | E20: Fracture | F20: Casting/Surgery | G20: Dr. Martinez | H20: 45919 | I20: 45930 | J20: 5480.15 | K20: Aetna | L20: =AND(ISNUMBER(C:C),ISNUMBER(H:H),ISNUMBER(I:I)) -> TRUE | M20: =HospitalData[[#This Row],[Discharge Date]]-HospitalData[[#This Row],[Admission Date]] -> 11 | N20: =IF(HospitalData[[#This Row],[Length of Stay]]<0,"INVALID","OK") -> OK | O20: =DATEDIF(HospitalData[[#This Row],[Date of Birth]],HospitalData[[#This Row],[Admission Date]],"y") -> 5 | P20: =IF(OR(HospitalData[[#This Row],[Patient Age]]<0,HospitalData[[#This Row],[Patient Age]]>120),"INVALID","OK") -> OK | Q20: =IF(HospitalData[[#This Row],[Patient Age]]<1,"Infant",IF(HospitalData[[#This Row],[Patient Age]]<13,"Child",IF(HospitalData[[#This Row],[Patient Age]]<18,"Adolescent",IF(HospitalData[[#This Row],[Patient Age]]<60,"Adult","Senior")))) -> Child | R20: =IF(HospitalData[[#This Row],[Length of Stay]]=0,"Same Day",IF(HospitalData[[#This Row],[Length of Stay]]<=3,"1-3 Days",IF(HospitalData[[#This Row],[Length of Stay]]<=7,"4-7 Days","8+ Days"))) -> 8+ Days | S20: =IF(HospitalData[[#This Row],[Total Charges]]<0,"INVALID","OK") -> OK | T20: =COUNTIF($A:$A,A20) -> 1
A21: PAT-000020 | B21: Michael Williams | C21: 19740 | D21: Female | E21: UTI | F21: Urinalysis + Antibiotics | G21: Dr. Rodriguez | H21: 46285 | I21: 46293 | J21: 1099.75 | K21: UnitedHealth | L21: =AND(ISNUMBER(C:C),ISNUMBER(H:H),ISNUMBER(I:I)) -> TRUE | M21: =HospitalData[[#This Row],[Discharge Date]]-HospitalData[[#This Row],[Admission Date]] -> 8 | N21: =IF(HospitalData[[#This Row],[Length of Stay]]<0,"INVALID","OK") -> OK | O21: =DATEDIF(HospitalData[[#This Row],[Date of Birth]],HospitalData[[#This Row],[Admission Date]],"y") -> 72 | P21: =IF(OR(HospitalData[[#This Row],[Patient Age]]<0,HospitalData[[#This Row],[Patient Age]]>120),"INVALID","OK") -> OK | Q21: =IF(HospitalData[[#This Row],[Patient Age]]<1,"Infant",IF(HospitalData[[#This Row],[Patient Age]]<13,"Child",IF(HospitalData[[#This Row],[Patient Age]]<18,"Adolescent",IF(HospitalData[[#This Row],[Patient Age]]<60,"Adult","Senior")))) -> Senior | R21: =IF(HospitalData[[#This Row],[Length of Stay]]=0,"Same Day",IF(HospitalData[[#This Row],[Length of Stay]]<=3,"1-3 Days",IF(HospitalData[[#This Row],[Length of Stay]]<=7,"4-7 Days","8+ Days"))) -> 8+ Days | S21: =IF(HospitalData[[#This Row],[Total Charges]]<0,"INVALID","OK") -> OK | T21: =COUNTIF($A:$A,A21) -> 1
A22: PAT-000021 | B22: William Jackson | C22: 13874 | D22: Female | E22: Allergies | F22: Allergy Testing | G22: Dr. Martinez | H22: 46217 | I22: 46226 | J22: 1044.49 | K22: Medicare | L22: =AND(ISNUMBER(C:C),ISNUMBER(H:H),ISNUMBER(I:I)) -> TRUE | M22: =HospitalData[[#This Row],[Discharge Date]]-HospitalData[[#This Row],[Admission Date]] -> 9 | N22: =IF(HospitalData[[#This Row],[Length of Stay]]<0,"INVALID","OK") -> OK | O22: =DATEDIF(HospitalData[[#This Row],[Date of Birth]],HospitalData[[#This Row],[Admission Date]],"y") -> 88 | P22: =IF(OR(HospitalData[[#This Row],[Patient Age]]<0,HospitalData[[#This Row],[Patient Age]]>120),"INVALID","OK") -> OK | Q22: =IF(HospitalData[[#This Row],[Patient Age]]<1,"Infant",IF(HospitalData[[#This Row],[Patient Age]]<13,"Child",IF(HospitalData[[#This Row],[Patient Age]]<18,"Adolescent",IF(HospitalData[[#This Row],[Patient Age]]<60,"Adult","Senior")))) -> Senior | R22: =IF(HospitalData[[#This Row],[Length of Stay]]=0,"Same Day",IF(HospitalData[[#This Row],[Length of Stay]]<=3,"1-3 Days",IF(HospitalData[[#This Row],[Length of Stay]]<=7,"4-7 Days","8+ Days"))) -> 8+ Days | S22: =IF(HospitalData[[#This Row],[Total Charges]]<0,"INVALID","OK") -> OK | T22: =COUNTIF($A:$A,A22) -> 1
A23: PAT-000022 | B23: Charles Wright | C23: 30638 | D23: Female | E23: Pneumonia | F23: Chest X-Ray + Treatment | G23: Dr. Williams | H23: 45886 | I23: 45896 | J23: 3558.16 | K23: Aetna | L23: =AND(ISNUMBER(C:C),ISNUMBER(H:H),ISNUMBER(I:I)) -> TRUE | M23: =HospitalData[[#This Row],[Discharge Date]]-HospitalData[[#This Row],[Admission Date]] -> 10 | N23: =IF(HospitalData[[#This Row],[Length of Stay]]<0,"INVALID","OK") -> OK | O23: =DATEDIF(HospitalData[[#This Row],[Date of Birth]],HospitalData[[#This Row],[Admission Date]],"y") -> 41 | P23: =IF(OR(HospitalData[[#This Row],[Patient Age]]<0,HospitalData[[#This Row],[Patient Age]]>120),"INVALID","OK") -> OK | Q23: =IF(HospitalData[[#This Row],[Patient Age]]<1,"Infant",IF(HospitalData[[#This Row],[Patient Age]]<13,"Child",IF(HospitalData[[#This Row],[Patient Age]]<18,"Adolescent",IF(HospitalData[[#This Row],[Patient Age]]<60,"Adult","Senior")))) -> Adult | R23: =IF(HospitalData[[#This Row],[Length of Stay]]=0,"Same Day",IF(HospitalData[[#This Row],[Length of Stay]]<=3,"1-3 Days",IF(HospitalData[[#This Row],[Length of Stay]]<=7,"4-7 Days","8+ Days"))) -> 8+ Days | S23: =IF(HospitalData[[#This Row],[Total Charges]]<0,"INVALID","OK") -> OK | T23: =COUNTIF($A:$A,A23) -> 1
A24: PAT-000023 | B24: Lisa Anderson | C24: 20695 | D24: Female | E24: Allergies | F24: Allergy Testing | G24: Dr. Jones | H24: 45618 | I24: 45623 | J24: 1217.18 | K24: Aetna | L24: =AND(ISNUMBER(C:C),ISNUMBER(H:H),ISNUMBER(I:I)) -> TRUE | M24: =HospitalData[[#This Row],[Discharge Date]]-HospitalData[[#This Row],[Admission Date]] -> 5 | N24: =IF(HospitalData[[#This Row],[Length of Stay]]<0,"INVALID","OK") -> OK | O24: =DATEDIF(HospitalData[[#This Row],[Date of Birth]],HospitalData[[#This Row],[Admission Date]],"y") -> 68 | P24: =IF(OR(HospitalData[[#This Row],[Patient Age]]<0,HospitalData[[#This Row],[Patient Age]]>120),"INVALID","OK") -> OK | Q24: =IF(HospitalData[[#This Row],[Patient Age]]<1,"Infant",IF(HospitalData[[#This Row],[Patient Age]]<13,"Child",IF(HospitalData[[#This Row],[Patient Age]]<18,"Adolescent",IF(HospitalData[[#This Row],[Patient Age]]<60,"Adult","Senior")))) -> Senior | R24: =IF(HospitalData[[#This Row],[Length of Stay]]=0,"Same Day",IF(HospitalData[[#This Row],[Length of Stay]]<=3,"1-3 Days",IF(HospitalData[[#This Row],[Length of Stay]]<=7,"4-7 Days","8+ Days"))) -> 4-7 Days | S24: =IF(HospitalData[[#This Row],[Total Charges]]<0,"INVALID","OK") -> OK | T24: =COUNTIF($A:$A,A24) -> 1
A25: PAT-000024 | B25: William Allen | C25: 25867 | D25: Male | E25: Bronchitis | F25: Respiratory Treatment | G25: Dr. Taylor | H25: 45604 | I25: 45615 | J25: 1728.42 | K25: Medicare | L25: =AND(ISNUMBER(C:C),ISNUMBER(H:H),ISNUMBER(I:I)) -> TRUE | M25: =HospitalData[[#This Row],[Discharge Date]]-HospitalData[[#This Row],[Admission Date]] -> 11 | N25: =IF(HospitalData[[#This Row],[Length of Stay]]<0,"INVALID","OK") -> OK | O25: =DATEDIF(HospitalData[[#This Row],[Date of Birth]],HospitalData[[#This Row],[Admission Date]],"y") -> 54 | P25: =IF(OR(HospitalData[[#This Row],[Patient Age]]<0,HospitalData[[#This Row],[Patient Age]]>120),"INVALID","OK") -> OK | Q25: =IF(HospitalData[[#This Row],[Patient Age]]<1,"Infant",IF(HospitalData[[#This Row],[Patient Age]]<13,"Child",IF(HospitalData[[#This Row],[Patient Age]]<18,"Adolescent",IF(HospitalData[[#This Row],[Patient Age]]<60,"Adult","Senior")))) -> Adult | R25: =IF(HospitalData[[#This Row],[Length of Stay]]=0,"Same Day",IF(HospitalData[[#This Row],[Length of Stay]]<=3,"1-3 Days",IF(HospitalData[[#This Row],[Length of Stay]]<=7,"4-7 Days","8+ Days"))) -> 8+ Days | S25: =IF(HospitalData[[#This Row],[Total Charges]]<0,"INVALID","OK") -> OK | T25: =COUNTIF($A:$A,A25) -> 1
A26: PAT-000025 | B26: Karen Robinson | C26: 26548 | D26: Female | E26: Depression | F26: Psychiatric Evaluation | G26: Dr. Anderson | H26: 46255 | I26: 46260 | J26: 1814.99 | K26: Self-Pay | L26: =AND(ISNUMBER(C:C),ISNUMBER(H:H),ISNUMBER(I:I)) -> TRUE | M26: =HospitalData[[#This Row],[Discharge Date]]-HospitalData[[#This Row],[Admission Date]] -> 5 | N26: =IF(HospitalData[[#This Row],[Length of Stay]]<0,"INVALID","OK") -> OK | O26: =DATEDIF(HospitalData[[#This Row],[Date of Birth]],HospitalData[[#This Row],[Admission Date]],"y") -> 53 | P26: =IF(OR(HospitalData[[#This Row],[Patient Age]]<0,HospitalData[[#This Row],[Patient Age]]>120),"INVALID","OK") -> OK | Q26: =IF(HospitalData[[#This Row],[Patient Age]]<1,"Infant",IF(HospitalData[[#This Row],[Patient Age]]<13,"Child",IF(HospitalData[[#This Row],[Patient Age]]<18,"Adolescent",IF(HospitalData[[#This Row],[Patient Age]]<60,"Adult","Senior")))) -> Adult | R26: =IF(HospitalData[[#This Row],[Length of Stay]]=0,"Same Day",IF(HospitalData[[#This Row],[Length of Stay]]<=3,"1-3 Days",IF(HospitalData[[#This Row],[Length of Stay]]<=7,"4-7 Days","8+ Days"))) -> 4-7 Days | S26: =IF(HospitalData[[#This Row],[Total Charges]]<0,"INVALID","OK") -> OK | T26: =COUNTIF($A:$A,A26) -> 1
A27: PAT-000026 | B27: William Jones | C27: 35864 | D27: Other | E27: Pneumonia | F27: Chest X-Ray + Treatment | G27: Dr. Smith | H27: 45758 | I27: 45770 | J27: 6245.57 | K27: Cigna | L27: =AND(ISNUMBER(C:C),ISNUMBER(H:H),ISNUMBER(I:I)) -> TRUE | M27: =HospitalData[[#This Row],[Discharge Date]]-HospitalData[[#This Row],[Admission Date]] -> 12 | N27: =IF(HospitalData[[#This Row],[Length of Stay]]<0,"INVALID","OK") -> OK | O27: =DATEDIF(HospitalData[[#This Row],[Date of Birth]],HospitalData[[#This Row],[Admission Date]],"y") -> 27 | P27: =IF(OR(HospitalData[[#This Row],[Patient Age]]<0,HospitalData[[#This Row],[Patient Age]]>120),"INVALID","OK") -> OK | Q27: =IF(HospitalData[[#This Row],[Patient Age]]<1,"Infant",IF(HospitalData[[#This Row],[Patient Age]]<13,"Child",IF(HospitalData[[#This Row],[Patient Age]]<18,"Adolescent",IF(HospitalData[[#This Row],[Patient Age]]<60,"Adult","Senior")))) -> Adult | R27: =IF(HospitalData[[#This Row],[Length of Stay]]=0,"Same Day",IF(HospitalData[[#This Row],[Length of Stay]]<=3,"1-3 Days",IF(HospitalData[[#This Row],[Length of Stay]]<=7,"4-7 Days","8+ Days"))) -> 8+ Days | S27: =IF(HospitalData[[#This Row],[Total Charges]]<0,"INVALID","OK") -> OK | T27: =COUNTIF($A:$A,A27) -> 1
A28: PAT-000027 | B28: Mary Davis | C28: 41222 | D28: Male | E28: Arthritis | F28: Joint Assessment | G28: Dr. Taylor | H28: 46010 | I28: 46013 | J28: 1594.39 | K28: Self-Pay | L28: =AND(ISNUMBER(C:C),ISNUMBER(H:H),ISNUMBER(I:I)) -> TRUE | M28: =HospitalData[[#This Row],[Discharge Date]]-HospitalData[[#This Row],[Admission Date]] -> 3 | N28: =IF(HospitalData[[#This Row],[Length of Stay]]<0,"INVALID","OK") -> OK | O28: =DATEDIF(HospitalData[[#This Row],[Date of Birth]],HospitalData[[#This Row],[Admission Date]],"y") -> 13 | P28: =IF(OR(HospitalData[[#This Row],[Patient Age]]<0,HospitalData[[#This Row],[Patient Age]]>120),"INVALID","OK") -> OK | Q28: =IF(HospitalData[[#This Row],[Patient Age]]<1,"Infant",IF(HospitalData[[#This Row],[Patient Age]]<13,"Child",IF(HospitalData[[#This Row],[Patient Age]]<18,"Adolescent",IF(HospitalData[[#This Row],[Patient Age]]<60,"Adult","Senior")))) -> Adolescent | R28: =IF(HospitalData[[#This Row],[Length of Stay]]=0,"Same Day",IF(HospitalData[[#This Row],[Length of Stay]]<=3,"1-3 Days",IF(HospitalData[[#This Row],[Length of Stay]]<=7,"4-7 Days","8+ Days"))) -> 1-3 Days | S28: =IF(HospitalData[[#This Row],[Total Charges]]<0,"INVALID","OK") -> OK | T28: =COUNTIF($A:$A,A28) -> 1
A29: PAT-000028 | B29: Patricia Johnson | C29: 41244 | D29: Female | E29: Depression | F29: Psychiatric Evaluation | G29: Dr. Wilson | H29: 46080 | I29: 46093 | J29: 2657.06 | K29: Medicare | L29: =AND(ISNUMBER(C:C),ISNUMBER(H:H),ISNUMBER(I:I)) -> TRUE | M29: =HospitalData[[#This Row],[Discharge Date]]-HospitalData[[#This Row],[Admission Date]] -> 13 | N29: =IF(HospitalData[[#This Row],[Length of Stay]]<0,"INVALID","OK") -> OK | O29: =DATEDIF(HospitalData[[#This Row],[Date of Birth]],HospitalData[[#This Row],[Admission Date]],"y") -> 13 | P29: =IF(OR(HospitalData[[#This Row],[Patient Age]]<0,HospitalData[[#This Row],[Patient Age]]>120),"INVALID","OK") -> OK | Q29: =IF(HospitalData[[#This Row],[Patient Age]]<1,"Infant",IF(HospitalData[[#This Row],[Patient Age]]<13,"Child",IF(HospitalData[[#This Row],[Patient Age]]<18,"Adolescent",IF(HospitalData[[#This Row],[Patient Age]]<60,"Adult","Senior")))) -> Adolescent | R29: =IF(HospitalData[[#This Row],[Length of Stay]]=0,"Same Day",IF(HospitalData[[#This Row],[Length of Stay]]<=3,"1-3 Days",IF(HospitalData[[#This Row],[Length of Stay]]<=7,"4-7 Days","8+ Days"))) -> 8+ Days | S29: =IF(HospitalData[[#This Row],[Total Charges]]<0,"INVALID","OK") -> OK | T29: =COUNTIF($A:$A,A29) -> 1
A30: PAT-000029 | B30: James Clark | C30: 39501 | D30: Male | E30: Back Pain | F30: Physical Therapy | G30: Dr. Thomas | H30: 45929 | I30: 45932 | J30: 1797.48 | K30: Self-Pay | L30: =AND(ISNUMBER(C:C),ISNUMBER(H:H),ISNUMBER(I:I)) -> TRUE | M30: =HospitalData[[#This Row],[Discharge Date]]-HospitalData[[#This Row],[Admission Date]] -> 3 | N30: =IF(HospitalData[[#This Row],[Length of Stay]]<0,"INVALID","OK") -> OK | O30: =DATEDIF(HospitalData[[#This Row],[Date of Birth]],HospitalData[[#This Row],[Admission Date]],"y") -> 17 | P30: =IF(OR(HospitalData[[#This Row],[Patient Age]]<0,HospitalData[[#This Row],[Patient Age]]>120),"INVALID","OK") -> OK | Q30: =IF(HospitalData[[#This Row],[Patient Age]]<1,"Infant",IF(HospitalData[[#This Row],[Patient Age]]<13,"Child",IF(HospitalData[[#This Row],[Patient Age]]<18,"Adolescent",IF(HospitalData[[#This Row],[Patient Age]]<60,"Adult","Senior")))) -> Adolescent | R30: =IF(HospitalData[[#This Row],[Length of Stay]]=0,"Same Day",IF(HospitalData[[#This Row],[Length of Stay]]<=3,"1-3 Days",IF(HospitalData[[#This Row],[Length of Stay]]<=7,"4-7 Days","8+ Days"))) -> 1-3 Days | S30: =IF(HospitalData[[#This Row],[Total Charges]]<0,"INVALID","OK") -> OK | T30: =COUNTIF($A:$A,A30) -> 1
... A101: PAT-000100 | B101: Richard Harris | C101: 22721 | D101: Male | E101: Skin Infection | F101: Dermatological Treatment | G101: Dr. Martinez | H101: 45999 | I101: 46001 | J101: 1392.28 | K101: Self-Pay | L101: =AND(ISNUMBER(C:C),ISNUMBER(H:H),ISNUMBER(I:I)) -> TRUE | M101: =HospitalData[[#This Row],[Discharge Date]]-HospitalData[[#This Row],[Admission Date]] -> 2 | N101: =IF(HospitalData[[#This Row],[Length of Stay]]<0,"INVALID","OK") -> OK | O101: =DATEDIF(HospitalData[[#This Row],[Date of Birth]],HospitalData[[#This Row],[Admission Date]],"y") -> 63 | P101: =IF(OR(HospitalData[[#This Row],[Patient Age]]<0,HospitalData[[#This Row],[Patient Age]]>120),"INVALID","OK") -> OK | Q101: =IF(HospitalData[[#This Row],[Patient Age]]<1,"Infant",IF(HospitalData[[#This Row],[Patient Age]]<13,"Child",IF(HospitalData[[#This Row],[Patient Age]]<18,"Adolescent",IF(HospitalData[[#This Row],[Patient Age]]<60,"Adult","Senior")))) -> Senior | R101: =IF(HospitalData[[#This Row],[Length of Stay]]=0,"Same Day",IF(HospitalData[[#This Row],[Length of Stay]]<=3,"1-3 Days",IF(HospitalData[[#This Row],[Length of Stay]]<=7,"4-7 Days","8+ Days"))) -> 1-3 Days | S101: =IF(HospitalData[[#This Row],[Total Charges]]<0,"INVALID","OK") -> OK | T101: =COUNTIF($A:$A,A101) -> 1
A103: README

Sheet Dashboard
A1: Hospital Data Analytics Dashboard
A3: Patient Demographics | Admissions | Hospital Utilization | Financial Analysis
A5: Total Patients | C5: Total Admissions | E5: Total Discharges | G5: Average Patient Age | I5: Average Length of Stay | K5: Total Hospital Charges | M5: Average Hospital Charges
A6: =Analysis!B3 -> 100 | C6: =Analysis!B4 -> 100 | E6: =Analysis!B5 -> 100 | G6: =Analysis!B6 -> 42.64 | I6: =Analysis!B7 -> 7.82 | K6: =Analysis!B8 -> 627055.26 | M6: =Analysis!B9 -> 6270.5526
O38: README

Sheet Analysis
A1: Hospital Data Analysis | D1: README
A3: Total Patients | B3: =COUNTA(HospitalData[Patient ID]) -> 100
A4: Total Admissions | B4: =COUNTA(HospitalData[Admission Date]) -> 100
A5: Total Discharges | B5: =COUNTA(HospitalData[Discharge Date]) -> 100
A6: Average Patient Age | B6: =AVERAGE(HospitalData[Patient Age]) -> 42.64
A7: Average Length of Stay | B7: =AVERAGE(HospitalData[Length of Stay]) -> 7.82
A8: Total Hospital Charges | B8: =SUM(HospitalData[Total Charges]) -> 627055.26
A9: Average Hospital Charges | B9: =AVERAGE(HospitalData[Total Charges]) -> 6270.5526
A11: Gender | B11: Patient Count
A12: Male | B12: =COUNTIF(HospitalData[Gender],"Male") -> 44
A13: Female | B13: =COUNTIF(HospitalData[Gender],"Female") -> 51
A14: Other | B14: =COUNTIF(HospitalData[Gender],"Other") -> 5
A16: Age Group | B16: Patient Count
A17: Infant | B17: =COUNTIF(HospitalData[Age Group],"Infant") -> 2
A18: Child | B18: =COUNTIF(HospitalData[Age Group],"Child") -> 16
A19: Adolescent | B19: =COUNTIF(HospitalData[Age Group],"Adolescent") -> 7
A20: Adult | B20: =COUNTIF(HospitalData[Age Group],"Adult") -> 41
A21: Senior | B21: =COUNTIF(HospitalData[Age Group],"Senior") -> 34
A23: LoS Category | B23: Patient Count
A24: Same Day | B24: =COUNTIF(HospitalData[LoS Category],"Same Day") -> 0
A25: 1-3 Days | B25: =COUNTIF(HospitalData[LoS Category],"1-3 Days") -> 16
A26: 4-7 Days | B26: =COUNTIF(HospitalData[LoS Category],"4-7 Days") -> 32
A27: 8+ Days | B27: =COUNTIF(HospitalData[LoS Category],"8+ Days") -> 52

Sheet Top 10 Diagnoses
A2: Top 10 Diagnoses by Patient Count
A3: Diagnosis | B3: Count of Diagnosis
A4: Depression | B4: 10
A5: Appendicitis | B5: 9
A6: Fracture | B6: 9
A7: Type 2 Diabetes | B7: 8
A8: Arthritis | B8: 8
A9: Skin Infection | B9: 7
A10: Pneumonia | B10: 7
A11: Back Pain | B11: 7
A12: Bronchitis | B12: 6
A13: Allergies | B13: 6
A14: Heart Disease | B14: 6
A15: UTI | B15: 5
... A19: Grand Total | B19: 100

Sheet Monthly Admissions Trend
A2: Monthly Admissions Trend
A3: Row Labels | B3: Count of Patient ID
A4: 2024
A5: Oct | B5: 5
A6: Nov | B6: 6
A7: Dec | B7: 4
A8: 2025
A9: Feb | B9: 3
A10: Mar | B10: 3
A11: Apr | B11: 2
A12: May | B12: 3
A13: Jun | B13: 5
A14: Jul | B14: 6
A15: Aug | B15: 7
A16: Sep | B16: 4
A17: Oct | B17: 2
A18: Nov | B18: 4
A19: Dec | B19: 9
A20: 2026
A21: Jan | B21: 2
A22: Feb | B22: 1
A23: Mar | B23: 5
A24: Apr | B24: 9
A25: May | B25: 4
A26: Jun | B26: 6
A27: Jul | B27: 3
A28: Aug | B28: 2
A29: Sep | B29: 5
A30: Grand Total | B30: 100

Sheet Monthly Hospital Charges
A2: Monthly Hospital Charges
A3: Row Labels | B3: Sum of Total Charges
A4: 2024
A5: Oct | B5: 37745.32
A6: Nov | B6: 58369.37
A7: Dec | B7: 5971.86
A8: 2025
A9: Feb | B9: 12920.41
A10: Mar | B10: 5712.16
A11: Apr | B11: 6912.92
A12: May | B12: 7416.9
A13: Jun | B13: 27342.91
A14: Jul | B14: 44730.27
A15: Aug | B15: 95881.43
A16: Sep | B16: 13252.2
A17: Oct | B17: 18218
A18: Nov | B18: 33538.09
A19: Dec | B19: 37184.93
A20: 2026
A21: Jan | B21: 22030.78
A22: Feb | B22: 2657.06
A23: Mar | B23: 8167.93
A24: Apr | B24: 92136.38
A25: May | B25: 7662.91
A26: Jun | B26: 42012.99
A27: Jul | B27: 5152.28
A28: Aug | B28: 13771.11
A29: Sep | B29: 28267.05
A30: Grand Total | B30: 627055.26

Sheet Ave LoS by Age Group
A2: Average Length of Stay by Age Group
A3: Age Group | B3: Average of Length of Stay
A4: Adolescent | B4: 7
A5: Adult | B5: 7.7073171
A6: Child | B6: 9.0625
A7: Infant | B7: 11
A8: Senior | B8: 7.3529412
A9: Grand Total | B9: 7.82

Sheet Ave. Hosp. Charges by Age Group
A2: Average Hospital Charges by Age Group
A3: Row Labels | B3: Average of Total Charges
A4: Adolescent | B4: 11167.78
A5: Adult | B5: 5833.2417
A6: Child | B6: 6728.2281
A7: Infant | B7: 1256.17
A8: Senior | B8: 5869.2324
A9: Grand Total | B9: 6270.5526

Sheet Admissions by Gender
A2: Admissions by Gender
A3: Row Labels | B3: Count of Patient ID
A4: Female | B4: 51
A5: Male | B5: 44
A6: Other | B6: 5
A7: Grand Total | B7: 100

Sheet Total Hosp. Charges by Dx
A2: Total Hospital Charges by Diagnosis
A3: Row Labels | B3: Sum of Total Charges
A4: Heart Disease | B4: 235867.02
A5: Appendicitis | B5: 141386.71
A6: Fracture | B6: 96185.78
A7: Pneumonia | B7: 38826.96
A8: Back Pain | B8: 22613.49
A9: Depression | B9: 19341.06
A10: Arthritis | B10: 16582.67
A11: Type 2 Diabetes | B11: 16217.34
A12: Bronchitis | B12: 9441.56
A13: Allergies | B13: 6960.73
A14: Skin Infection | B14: 6391.78
A15: Asthma | B15: 5222.59
... A19: Grand Total | B19: 627055.26

Sheet Ave. LoS by Diagnosis
A2: Average Length of Stay by Diagnosis
A3: Row Labels | B3: Average of Length of Stay
A4: Asthma | B4: 11
A5: Migraine | B5: 9
A6: Bronchitis | B6: 8.6666667
A7: Fracture | B7: 8.6666667
A8: Type 2 Diabetes | B8: 8.5
A9: UTI | B9: 8.2
A10: Appendicitis | B10: 8
A11: Hypertension | B11: 8
A12: Heart Disease | B12: 7.8333333
A13: Arthritis | B13: 7.75
A14: Back Pain | B14: 7.7142857
A15: Pneumonia | B15: 7.7142857
... A19: Grand Total | B19: 7.82

Sheet Px Count by LoS Category
A2: Patient Count by Length of Stay Category
A3: Row Labels | B3: Count of Patient ID
A4: 1-3 Days | B4: 16
A5: 4-7 Days | B5: 32
A6: 8+ Days | B6: 52
A7: Grand Total | B7: 100
